AQI index,Dominent pollutant,PM10,PM2.5,,,,,,,,
36,pm25,29,36,,,,,,,,
68,pm25,52,68,,,,,,,,
217,pm25,194,217,,,,,,,,
195,pm25,119,195,,,,,,,,
168,pm25,65,168,,,,,,,,
48,pm25,25,48,,,,,,,,
18,pm25,12,18,,,,,,,,
251,pm25,155,251,,,,,,,,
315,pm25,205,315,,,,,,,,
224,pm25,185,224,,,,,,,,
177,pm25,112,177,,,,,,,,
179,pm25,122,179,,,,,,,,
214,pm25,149,214,,,,,,,,
213,pm25,175,213,,,,,,,,
166,pm25,105,166,,,,,,,,
221,pm25,177,221,,,,,,,,
191,pm25,130,191,,,,,,,,
213,pm25,204,213,,,,,,,,
18,pm10,18,17,,,,,,,,
189,pm25,156,189,,,,,,,,
164,pm25,88,164,,,,,,,,
131,pm25,24,131,,,,,,,,
49,pm25,26,49,,,,,,,,
38,pm25,24,38,,,,,,,,
235,pm25,138,235,,,,,,,,
252,pm25,157,252,,,,,,,,
191,pm25,157,191,,,,,,,,
161,pm25,90,161,,,,,,,,
164,pm25,114,164,,,,,,,,
183,pm25,126,183,,,,,,,,
186,pm25,151,186,,,,,,,,
158,pm25,94,158,,,,,,,,
188,pm25,152,188,,,,,,,,
159,pm25,95,159,,,,,,,,
212,pm10,212,208,,,,,,,,
26,pm25,25,26,,,,,,,,
169,pm25,123,169,,,,,,,,
176,pm25,102,176,,,,,,,,
151,pm25,55,151,,,,,,,,
65,pm25,34,65,,,,,,,,
51,pm25,29,51,,,,,,,,
226,pm25,136,226,,,,,,,,
214,pm25,128,214,,,,,,,,
170,pm25,130,170,,,,,,,,
149,pm25,81,149,,,,,,,,
157,pm25,92,157,,,,,,,,
160,pm25,106,160,,,,,,,,
167,pm25,123,167,,,,,,,,
151,pm25,83,151,,,,,,,,
168,pm25,121,168,,,,,,,,
155,pm25,89,155,,,,,,,,
340,pm10,340,194,,,,,,,,
70,pm25,53,70,,,,,,,,
29,pm25,24,29,,,,,,,,
147,pm25,95,147,,,,,,,,
176,pm25,102,176,,,,,,,,
127,pm25,56,127,,,,,,,,
32,pm25,17,32,,,,,,,,
11,pm25,7,11,,,,,,,,
137,pm25,91,137,,,,,,,,
116,pm25,66,116,,,,,,,,
150,pm25,102,150,,,,,,,,
106,pm25,66,106,,,,,,,,
132,pm25,77,132,,,,,,,,
145,pm25,84,145,,,,,,,,
146,pm25,102,146,,,,,,,,
108,pm25,61,108,,,,,,,,
151,pm25,104,151,,,,,,,,
109,pm25,61,109,,,,,,,,
185,pm10,185,174,,,,,,,,
26,pm25,25,26,,,,,,,,
17,pm25,21,17,,,,,,,,
126,pm25,87,126,,,,,,,,
176,pm25,102,176,,,,,,,,
103,pm25,65,103,,,,,,,,
44,pm25,23,44,,,,,,,,
20,pm25,12,20,,,,,,,,
75,pm25,55,75,,,,,,,,
92,pm25,59,92,,,,,,,,
117,pm25,82,117,,,,,,,,
73,pm25,51,73,,,,,,,,
86,pm25,56,86,,,,,,,,
104,pm25,64,104,,,,,,,,
113,pm25,83,113,,,,,,,,
117,pm25,69,117,,,,,,,,
79,pm25,55,79,,,,,,,,
188,pm25,186,188,,,,,,,,
14,pm25,14,14,,,,,,,,
87,pm25,71,87,,,,,,,,
67,pm25,53,67,,,,,,,,
63,pm10,63,28,,,,,,,,
45,pm25,26,45,,,,,,,,
22,pm25,13,22,,,,,,,,
142,pm25,77,142,,,,,,,,
106,pm25,60,106,,,,,,,,
88,pm25,58,88,,,,,,,,
71,pm25,47,71,,,,,,,,
63,pm25,46,63,,,,,,,,
80,pm25,53,80,,,,,,,,
84,pm25,64,84,,,,,,,,
72,pm25,47,72,,,,,,,,
82,pm25,56,82,,,,,,,,
65,pm25,46,65,,,,,,,,
199,pm10,199,191,,,,,,,,
30,pm25,22,30,,,,,,,,
35,pm25,20,35,,,,,,,,
141,pm25,99,141,,,,,,,,
113,pm25,53,113,,,,,,,,
46,pm25,31,46,,,,,,,,
16,pm25,12,16,,,,,,,,
118,pm25,70,118,,,,,,,,
145,pm25,98,145,,,,,,,,
96,pm25,60,96,,,,,,,,
106,pm25,64,106,,,,,,,,
134,pm25,74,134,,,,,,,,
139,pm25,97,139,,,,,,,,
94,pm25,61,94,,,,,,,,
138,pm25,96,138,,,,,,,,
99,pm25,65,99,,,,,,,,
139,pm25,126,139,,,,,,,,
32,pm25,22,32,,,,,,,,
21,pm25,20,21,,,,,,,,
183,pm25,160,183,,,,,,,,
137,pm25,71,137,,,,,,,,
175,pm25,69,175,,,,,,,,
54,pm25,28,54,,,,,,,,
12,pm25,8,12,,,,,,,,
182,pm25,99,182,,,,,,,,
192,pm25,147,192,,,,,,,,
161,pm25,102,161,,,,,,,,
178,pm25,118,178,,,,,,,,
186,pm25,128,186,,,,,,,,
189,pm25,158,189,,,,,,,,
156,pm25,104,156,,,,,,,,
191,pm25,161,191,,,,,,,,
176,pm25,112,176,,,,,,,,
189,pm25,168,189,,,,,,,,
20,pm25,17,20,,,,,,,,
180,pm25,131,180,,,,,,,,
135,pm25,65,135,,,,,,,,
33,pm25,17,33,,,,,,,,
10,pm25,7,10,,,,,,,,
97,pm25,60,97,,,,,,,,
175,pm25,121,175,,,,,,,,
140,pm25,71,140,,,,,,,,
140,pm25,82,140,,,,,,,,
184,pm25,111,184,,,,,,,,
179,pm25,132,179,,,,,,,,
159,pm25,88,159,,,,,,,,
183,pm25,132,183,,,,,,,,
150,pm25,78,150,,,,,,,,
177,pm25,117,177,,,,,,,,
24,pm25,16,24,,,,,,,,
54,pm25,42,54,,,,,,,,
111,pm25,78,111,,,,,,,,
155,pm25,68,155,,,,,,,,
43,pm25,22,43,,,,,,,,
5,pm25,3,5,,,,,,,,
115,pm25,68,115,,,,,,,,
144,pm25,98,144,,,,,,,,
97,pm25,56,97,,,,,,,,
95,pm25,59,95,,,,,,,,
113,pm25,70,113,,,,,,,,
119,pm25,81,119,,,,,,,,
98,pm25,57,98,,,,,,,,
131,pm25,94,131,,,,,,,,
105,pm25,61,105,,,,,,,,
83,pm10,83,53,,,,,,,,
37,pm25,28,37,,,,,,,,
32,pm10,32,30,,,,,,,,
108,pm25,67,108,,,,,,,,
40,pm25,31,40,,,,,,,,
183,pm25,90,183,,,,,,,,
45,pm25,23,45,,,,,,,,
5,pm25,3,5,,,,,,,,
86,pm25,53,86,,,,,,,,
102,pm25,76,102,,,,,,,,
82,pm25,52,82,,,,,,,,
83,pm25,56,83,,,,,,,,
103,pm25,60,103,,,,,,,,
98,pm25,74,98,,,,,,,,
75,pm25,56,75,,,,,,,,
102,pm25,76,102,,,,,,,,
74,pm25,53,74,,,,,,,,
83,pm10,83,53,,,,,,,,
14,pm25,12,14,,,,,,,,
90,pm10,90,38,,,,,,,,
114,pm25,81,114,,,,,,,,
54,pm25,14,54,,,,,,,,
31,pm25,22,31,,,,,,,,
8,pm25,5,8,,,,,,,,
96,pm25,58,96,,,,,,,,
123,pm25,82,123,,,,,,,,
82,pm25,51,82,,,,,,,,
89,pm25,60,89,,,,,,,,
104,pm25,68,104,,,,,,,,
112,pm25,69,112,,,,,,,,
78,pm25,52,78,,,,,,,,
116,pm25,80,116,,,,,,,,
94,pm25,58,94,,,,,,,,
99,pm10,99,90,,,,,,,,
25,pm25,25,25,,,,,,,,
69,pm10,69,39,,,,,,,,
85,pm25,60,85,,,,,,,,
77,pm10,77,75,,,,,,,,
45,pm25,8,45,,,,,,,,
22,pm25,13,22,,,,,,,,
5,pm25,4,5,,,,,,,,
149,pm25,84,149,,,,,,,,
85,pm25,67,85,,,,,,,,
61,pm25,47,61,,,,,,,,
64,pm25,51,64,,,,,,,,
73,pm25,62,73,,,,,,,,
85,pm25,67,85,,,,,,,,
55,pm25,40,55,,,,,,,,
85,pm25,68,85,,,,,,,,
59,pm25,43,59,,,,,,,,
162,pm25,121,162,,,,,,,,
24,pm25,21,24,,,,,,,,
16,pm25,12,16,,,,,,,,
46,pm25,43,46,,,,,,,,
17,pm25,9,17,,,,,,,,
91,pm25,45,91,,,,,,,,
1,pm25,1,1,,,,,,,,
14,pm25,8,14,,,,,,,,
46,pm25,44,46,,,,,,,,
32,pm25,21,32,,,,,,,,
38,pm25,26,38,,,,,,,,
40,pm25,29,40,,,,,,,,
43,pm25,41,43,,,,,,,,
34,pm25,28,34,,,,,,,,
46,pm25,44,46,,,,,,,,
42,pm25,28,42,,,,,,,,
30,pm25,21,30,,,,,,,,
21,pm25,15,21,,,,,,,,
59,pm25,51,59,,,,,,,,
94,pm25,67,94,,,,,,,,
86,pm25,49,86,,,,,,,,
112,pm25,44,112,,,,,,,,
36,pm25,19,36,,,,,,,,
8,pm25,5,8,,,,,,,,
77,pm25,48,77,,,,,,,,
53,pm25,29,53,,,,,,,,
42,pm25,34,42,,,,,,,,
93,pm25,53,93,,,,,,,,
79,pm25,57,79,,,,,,,,
50,pm25,30,50,,,,,,,,
94,pm25,63,94,,,,,,,,
48,pm25,37,48,,,,,,,,
139,pm25,124,139,,,,,,,,
21,pm25,15,21,,,,,,,,
42,pm10,42,28,,,,,,,,
105,pm25,73,105,,,,,,,,
47,pm25,28,47,,,,,,,,
148,pm25,52,148,,,,,,,,
23,pm25,12,23,,,,,,,,
6,pm25,4,6,,,,,,,,
57,pm25,34,57,,,,,,,,
131,pm25,93,131,,,,,,,,
87,pm25,54,87,,,,,,,,
98,pm25,64,98,,,,,,,,
96,pm25,60,96,,,,,,,,
111,pm25,76,111,,,,,,,,
94,pm25,54,94,,,,,,,,
121,pm25,85,121,,,,,,,,
101,pm25,57,101,,,,,,,,
85,pm25,67,85,,,,,,,,
35,pm25,24,35,,,,,,,,
53,pm10,53,39,,,,,,,,
119,pm25,32,119,,,,,,,,
26,pm25,14,26,,,,,,,,
5,pm25,4,5,,,,,,,,
75,pm25,49,75,,,,,,,,
113,pm25,79,113,,,,,,,,
88,pm25,59,88,,,,,,,,
74,pm25,50,74,,,,,,,,
97,pm25,56,97,,,,,,,,
109,pm25,75,109,,,,,,,,
98,pm25,63,98,,,,,,,,
111,pm25,69,111,,,,,,,,
91,pm25,53,91,,,,,,,,
70,pm25,58,70,,,,,,,,
37,pm25,27,37,,,,,,,,
41,pm10,41,26,,,,,,,,
83,pm25,66,83,,,,,,,,
36,pm25,34,36,,,,,,,,
139,pm25,55,139,,,,,,,,
41,pm25,25,41,,,,,,,,
10,pm25,7,10,,,,,,,,
41,pm25,27,41,,,,,,,,
87,pm25,68,87,,,,,,,,
49,pm25,28,49,,,,,,,,
45,pm25,33,45,,,,,,,,
78,pm25,49,78,,,,,,,,
83,pm25,66,83,,,,,,,,
44,pm25,28,44,,,,,,,,
81,pm25,65,81,,,,,,,,
49,pm25,31,49,,,,,,,,
51,pm10,51,36,,,,,,,,
33,pm25,27,33,,,,,,,,
64,pm10,64,39,,,,,,,,
112,pm25,77,112,,,,,,,,
83,pm25,51,83,,,,,,,,
192,pm25,87,192,,,,,,,,
24,pm25,19,24,,,,,,,,
5,pm25,4,5,,,,,,,,
101,pm25,56,101,,,,,,,,
116,pm25,79,116,,,,,,,,
95,pm25,51,95,,,,,,,,
98,pm25,62,98,,,,,,,,
101,pm25,59,101,,,,,,,,
114,pm25,77,114,,,,,,,,
84,pm25,51,84,,,,,,,,
124,pm25,86,124,,,,,,,,
105,pm25,57,105,,,,,,,,
81,pm10,81,78,,,,,,,,
27,pm25,21,27,,,,,,,,
70,pm10,70,41,,,,,,,,
116,pm25,61,116,,,,,,,,
121,pm25,66,121,,,,,,,,
167,pm25,72,167,,,,,,,,
31,pm25,17,31,,,,,,,,
8,pm25,6,8,,,,,,,,
102,pm25,63,102,,,,,,,,
120,pm25,69,120,,,,,,,,
110,pm25,61,110,,,,,,,,
126,pm25,73,126,,,,,,,,
100,pm25,62,100,,,,,,,,
127,pm25,71,127,,,,,,,,
113,pm25,63,113,,,,,,,,
117,pm25,64,117,,,,,,,,
115,pm25,61,115,,,,,,,,
194,pm25,177,194,,,,,,,,
55,pm10,55,29,,,,,,,,
127,pm25,70,127,,,,,,,,
85,pm25,63,85,,,,,,,,
175,pm25,65,175,,,,,,,,
17,pm25,9,17,,,,,,,,
4,pm25,3,4,,,,,,,,
60,pm25,50,60,,,,,,,,
75,pm25,50,75,,,,,,,,
153,pm25,78,153,,,,,,,,
99,pm25,56,99,,,,,,,,
95,pm25,58,95,,,,,,,,
104,pm25,1,104,,,,,,,,
138,pm25,73,138,,,,,,,,
90,pm25,53,90,,,,,,,,
133,pm25,69,133,,,,,,,,
99,pm25,59,99,,,,,,,,
119,pm25,89,119,,,,,,,,
24,pm10,24,40,,,,,,,,
113,pm25,66,113,,,,,,,,
59,pm25,51,59,,,,,,,,
40,pm25,13,40,,,,,,,,
16,pm25,12,16,,,,,,,,
5,pm25,3,5,,,,,,,,
61,pm25,42,61,,,,,,,,
60,pm25,39,60,,,,,,,,
116,pm25,78,116,,,,,,,,
82,pm25,45,82,,,,,,,,
83,pm25,54,83,,,,,,,,
118,pm25,83,118,,,,,,,,
82,pm25,51,82,,,,,,,,
117,pm25,78,117,,,,,,,,
87,pm25,57,87,,,,,,,,
98,pm25,86,98,,,,,,,,
52,pm25,38,52,,,,,,,,
50,pm10,50,26,,,,,,,,
100,pm25,71,100,,,,,,,,
81,pm25,30,81,,,,,,,,
16,pm25,9,16,,,,,,,,
2,pm25,2,2,,,,,,,,
57,pm25,42,57,,,,,,,,
50,pm25,35,50,,,,,,,,
92,pm25,52,92,,,,,,,,
82,pm25,47,82,,,,,,,,
75,pm25,52,75,,,,,,,,
95,pm25,1,95,,,,,,,,
102,pm25,60,102,,,,,,,,
86,pm25,52,86,,,,,,,,
113,pm25,63,113,,,,,,,,
94,pm25,55,94,,,,,,,,
122,pm10,122,113,,,,,,,,
97,pm25,57,97,,,,,,,,
59,pm10,59,48,,,,,,,,
1,pm25,1,1,,,,,,,,
44,pm25,27,44,,,,,,,,
7,pm10,7,31,,,,,,,,
26,pm25,14,26,,,,,,,,
3,pm25,2,3,,,,,,,,
70,pm25,52,70,,,,,,,,
60,pm25,40,60,,,,,,,,
79,pm25,48,79,,,,,,,,
88,pm25,51,88,,,,,,,,
65,pm25,47,65,,,,,,,,
54,pm10,54,1,,,,,,,,
97,pm25,62,97,,,,,,,,
74,pm25,49,74,,,,,,,,
112,pm25,59,112,,,,,,,,
72,pm25,48,72,,,,,,,,
198,pm10,198,90,,,,,,,,
15,pm25,14,15,,,,,,,,
24,pm25,16,24,,,,,,,,
1,pm25,1,1,,,,,,,,
15,pm25,4,15,,,,,,,,
19,pm25,11,19,,,,,,,,
6,pm25,6,6,,,,,,,,
26,pm25,20,26,,,,,,,,
28,pm25,23,28,,,,,,,,
63,pm25,50,63,,,,,,,,
40,pm25,28,40,,,,,,,,
39,pm25,36,39,,,,,,,,
54,pm10,54,1,,,,,,,,
62,pm25,56,62,,,,,,,,
42,pm25,35,42,,,,,,,,
68,pm25,57,68,,,,,,,,
44,pm25,32,44,,,,,,,,
80,pm10,80,48,,,,,,,,
28,pm25,24,28,,,,,,,,
26,pm25,20,26,,,,,,,,
1,pm25,1,1,,,,,,,,
21,pm25,2,21,,,,,,,,
21,pm25,11,21,,,,,,,,
2,pm25,2,2,,,,,,,,
75,pm25,45,75,,,,,,,,
121,pm25,87,121,,,,,,,,
83,pm25,56,83,,,,,,,,
106,pm25,65,106,,,,,,,,
112,pm25,80,112,,,,,,,,
122,pm25,87,122,,,,,,,,
82,pm25,55,82,,,,,,,,
123,pm25,89,123,,,,,,,,
82,pm25,54,82,,,,,,,,
115,pm10,115,109,,,,,,,,
26,pm25,21,26,,,,,,,,
72,pm10,72,51,,,,,,,,
1,pm25,1,1,,,,,,,,
40,pm25,8,40,,,,,,,,
18,pm25,10,18,,,,,,,,
6,pm25,4,6,,,,,,,,
38,pm25,25,38,,,,,,,,
118,pm25,85,118,,,,,,,,
84,pm25,58,84,,,,,,,,
100,pm25,61,100,,,,,,,,
86,pm25,69,86,,,,,,,,
111,pm25,80,111,,,,,,,,
86,pm25,73,86,,,,,,,,
115,pm25,76,115,,,,,,,,
96,pm25,58,96,,,,,,,,
109,pm10,109,47,,,,,,,,
24,pm25,20,24,,,,,,,,
13,pm10,13,6,,,,,,,,
1,pm25,1,1,,,,,,,,
30,pm25,10,30,,,,,,,,
35,pm25,19,35,,,,,,,,
31,pm25,21,31,,,,,,,,
116,pm25,76,116,,,,,,,,
97,pm25,59,97,,,,,,,,
121,pm25,87,121,,,,,,,,
131,pm25,81,131,,,,,,,,
135,pm25,82,135,,,,,,,,
122,pm25,66,122,,,,,,,,
9,pm10,9,6,,,,,,,,
58,pm25,44,58,,,,,,,,
45,pm10,45,35,,,,,,,,
1,pm25,1,1,,,,,,,,
47,pm25,7,47,,,,,,,,
35,pm25,21,35,,,,,,,,
28,pm25,21,28,,,,,,,,
69,pm25,49,69,,,,,,,,
88,pm25,68,88,,,,,,,,
65,pm25,45,65,,,,,,,,
70,pm25,56,70,,,,,,,,
82,pm25,57,82,,,,,,,,
91,pm25,71,91,,,,,,,,
62,pm25,47,62,,,,,,,,
86,pm25,68,86,,,,,,,,
70,pm25,54,70,,,,,,,,
104,pm25,60,104,,,,,,,,
30,pm10,30,32,,,,,,,,
1,pm25,1,1,,,,,,,,
29,pm25,7,29,,,,,,,,
24,pm25,13,24,,,,,,,,
22,pm25,15,22,,,,,,,,
55,pm25,39,55,,,,,,,,
57,pm25,52,57,,,,,,,,
52,pm25,37,52,,,,,,,,
91,pm25,57,91,,,,,,,,
66,pm25,56,66,,,,,,,,
97,pm25,67,97,,,,,,,,
40,pm25,31,40,,,,,,,,
105,pm25,73,105,,,,,,,,
91,pm25,59,91,,,,,,,,
150,pm10,150,87,,,,,,,,
14,pm10,14,11,,,,,,,,
1,pm25,1,1,,,,,,,,
103,pm25,23,103,,,,,,,,
50,pm10,50,45,,,,,,,,
85,pm25,66,85,,,,,,,,
132,pm25,89,132,,,,,,,,
133,pm25,94,133,,,,,,,,
71,pm25,51,71,,,,,,,,
91,pm25,62,91,,,,,,,,
47,pm25,32,47,,,,,,,,
111,pm25,81,111,,,,,,,,
64,pm25,46,64,,,,,,,,
127,pm25,90,127,,,,,,,,
91,pm25,58,91,,,,,,,,
157,pm25,145,157,,,,,,,,
108,pm25,68,108,,,,,,,,
1,pm25,1,1,,,,,,,,
50,pm25,38,50,,,,,,,,
159,pm25,59,154,,,,,,,,
50,pm10,50,45,,,,,,,,
25,pm25,20,25,,,,,,,,
96,pm25,58,96,,,,,,,,
111,pm25,62,113,,,,,,,,
112,pm10,112,100,,,,,,,,
106,pm25,62,106,,,,,,,,
1,pm25,1,1,,,,,,,,
115,pm25,74,115,,,,,,,,
51,pm25,7,51,,,,,,,,
50,pm10,50,45,,,,,,,,
39,pm25,35,39,,,,,,,,
110,pm25,61,110,,,,,,,,
98,pm25,63,98,,,,,,,,
123,pm25,79,123,,,,,,,,
69,pm25,44,69,,,,,,,,
91,pm25,60,91,,,,,,,,
139,pm25,98,139,,,,,,,,
167,pm25,151,167,,,,,,,,
122,pm25,74,122,,,,,,,,
1,pm25,1,1,,,,,,,,
94,pm25,73,94,,,,,,,,
146,pm25,43,146,,,,,,,,
50,pm10,50,45,,,,,,,,
27,pm25,25,27,,,,,,,,
60,pm25,43,60,,,,,,,,
46,pm25,44,46,,,,,,,,
71,pm25,57,71,,,,,,,,
91,pm25,62,91,,,,,,,,
76,pm25,70,76,,,,,,,,
58,pm25,37,58,,,,,,,,
98,pm25,71,98,,,,,,,,
44,pm25,38,44,,,,,,,,
94,pm25,71,94,,,,,,,,
88,pm25,61,88,,,,,,,,
190,pm25,169,190,,,,,,,,
44,pm25,37,44,,,,,,,,
1,pm25,1,1,,,,,,,,
114,pm25,63,114,,,,,,,,
170,pm25,83,170,,,,,,,,
50,pm10,50,45,,,,,,,,
62,pm25,46,62,,,,,,,,
130,pm25,73,130,,,,,,,,
131,pm25,94,131,,,,,,,,
109,pm25,64,109,,,,,,,,
123,pm25,77,123,,,,,,,,
127,pm25,91,127,,,,,,,,
35,pm25,22,35,,,,,,,,
132,pm25,94,132,,,,,,,,
92,pm25,59,92,,,,,,,,
128,pm25,93,128,,,,,,,,
120,pm25,73,120,,,,,,,,
110,pm10,110,83,,,,,,,,
42,pm25,34,42,,,,,,,,
114,pm25,63,114,,,,,,,,
161,pm25,76,161,,,,,,,,
50,pm10,50,45,,,,,,,,
49,pm10,49,43,,,,,,,,
51,pm25,39,51,,,,,,,,
101,pm25,75,101,,,,,,,,
71,pm25,53,71,,,,,,,,
86,pm25,56,86,,,,,,,,
50,pm25,33,50,,,,,,,,
99,pm25,75,99,,,,,,,,
69,pm25,49,69,,,,,,,,
102,pm25,76,102,,,,,,,,
128,pm10,128,114,,,,,,,,
49,pm25,37,49,,,,,,,,
1,pm25,1,1,,,,,,,,
114,pm25,63,114,,,,,,,,
92,pm25,45,92,,,,,,,,
50,pm10,50,45,,,,,,,,
40,pm25,31,40,,,,,,,,
84,pm25,55,84,,,,,,,,
154,pm25,85,154,,,,,,,,
104,pm25,81,104,,,,,,,,
41,pm25,22,41,,,,,,,,
147,pm25,96,147,,,,,,,,
88,pm25,57,88,,,,,,,,
164,pm25,111,164,,,,,,,,
130,pm25,75,130,,,,,,,,
37,pm25,27,37,,,,,,,,
49,pm25,37,49,,,,,,,,
1,pm25,1,1,,,,,,,,
50,pm25,46,50,,,,,,,,
285,pm10,285,255,,,,,,,,
50,pm10,50,45,,,,,,,,
83,pm10,83,79,,,,,,,,
26,pm10,26,22,,,,,,,,
52,pm25,50,52,,,,,,,,
31,pm25,27,31,,,,,,,,
41,pm25,35,41,,,,,,,,
1,pm25,1,1,,,,,,,,
30,pm25,19,30,,,,,,,,
15,pm25,14,15,,,,,,,,
12,pm25,10,12,,,,,,,,
60,pm25,53,60,,,,,,,,
48,pm25,37,48,,,,,,,,
169,pm10,169,106,,,,,,,,
60,pm25,43,60,,,,,,,,
1,pm25,1,1,,,,,,,,
31,pm10,31,28,,,,,,,,
252,pm10,252,243,,,,,,,,
50,pm10,50,45,,,,,,,,
51,pm10,51,43,,,,,,,,
18,pm25,16,18,,,,,,,,
62,pm25,59,62,,,,,,,,
22,pm25,16,22,,,,,,,,
36,pm25,31,36,,,,,,,,
1,pm25,1,1,,,,,,,,
46,pm25,29,46,,,,,,,,
40,pm25,38,40,,,,,,,,
26,pm25,16,26,,,,,,,,
61,pm25,59,61,,,,,,,,
45,pm25,35,45,,,,,,,,
129,pm10,129,115,,,,,,,,
116,pm25,64,116,,,,,,,,
1,pm25,1,1,,,,,,,,
83,pm25,54,83,,,,,,,,
50,pm10,50,45,,,,,,,,
128,pm25,72,128,,,,,,,,
75,pm25,58,75,,,,,,,,
122,pm25,86,122,,,,,,,,
64,pm25,49,64,,,,,,,,
124,pm25,74,124,,,,,,,,
1,pm25,1,1,,,,,,,,
32,pm25,20,32,,,,,,,,
121,pm25,83,121,,,,,,,,
65,pm25,52,65,,,,,,,,
128,pm25,84,128,,,,,,,,
117,pm25,81,117,,,,,,,,
74,pm10,74,41,,,,,,,,
28,pm25,23,28,,,,,,,,
1,pm25,1,1,,,,,,,,
43,pm25,42,43,,,,,,,,
157,pm25,115,157,,,,,,,,
50,pm10,50,45,,,,,,,,
56,pm10,56,54,,,,,,,,
28,pm25,26,28,,,,,,,,
48,pm25,47,48,,,,,,,,
22,pm25,17,22,,,,,,,,
38,pm25,32,38,,,,,,,,
1,pm25,1,1,,,,,,,,
51,pm25,33,51,,,,,,,,
46,pm25,45,46,,,,,,,,
18,pm25,13,18,,,,,,,,
37,pm25,37,37,,,,,,,,
49,pm25,37,49,,,,,,,,
102,pm10,102,86,,,,,,,,
30,pm25,24,30,,,,,,,,
1,pm25,1,1,,,,,,,,
140,pm10,140,76,,,,,,,,
50,pm10,50,45,,,,,,,,
20,pm25,18,20,,,,,,,,
19,pm10,19,18,,,,,,,,
59,pm25,53,59,,,,,,,,
16,pm25,11,16,,,,,,,,
28,pm25,21,28,,,,,,,,
1,pm25,1,1,,,,,,,,
32,pm25,21,32,,,,,,,,
51,pm25,51,51,,,,,,,,
18,pm25,13,18,,,,,,,,
63,pm25,57,63,,,,,,,,
43,pm25,29,43,,,,,,,,
52,pm10,52,51,,,,,,,,
19,pm25,16,19,,,,,,,,
1,pm25,1,1,,,,,,,,
53,pm25,52,53,,,,,,,,
50,pm10,50,45,,,,,,,,
27,pm25,25,27,,,,,,,,
35,pm25,33,35,,,,,,,,
91,pm25,65,91,,,,,,,,
36,pm25,23,36,,,,,,,,
60,pm25,45,60,,,,,,,,
1,pm25,1,1,,,,,,,,
42,pm25,34,42,,,,,,,,
41,pm25,37,41,,,,,,,,
32,pm25,27,32,,,,,,,,
74,pm25,63,74,,,,,,,,
30,pm25,21,30,,,,,,,,
107,pm10,107,60,,,,,,,,
19,pm25,17,19,,,,,,,,
1,pm25,1,1,,,,,,,,
108,pm10,108,91,,,,,,,,
50,pm10,50,45,,,,,,,,
30,pm25,28,30,,,,,,,,
44,pm25,38,44,,,,,,,,
91,pm25,65,91,,,,,,,,
36,pm25,23,36,,,,,,,,
60,pm25,45,60,,,,,,,,
1,pm25,1,1,,,,,,,,
40,pm25,34,40,,,,,,,,
41,pm25,37,41,,,,,,,,
32,pm25,27,32,,,,,,,,
74,pm25,63,74,,,,,,,,
27,pm25,19,27,,,,,,,,
107,pm10,107,57,,,,,,,,
25,pm25,17,25,,,,,,,,
1,pm25,1,1,,,,,,,,
153,pm25,85,153,,,,,,,,
50,pm10,50,45,,,,,,,,
51,pm10,51,48,,,,,,,,
49,pm25,39,49,,,,,,,,
91,pm25,65,91,,,,,,,,
36,pm25,23,36,,,,,,,,
60,pm25,45,60,,,,,,,,
1,pm25,1,1,,,,,,,,
58,pm25,33,58,,,,,,,,
41,pm25,37,41,,,,,,,,
32,pm25,27,32,,,,,,,,
74,pm25,63,74,,,,,,,,
41,pm25,29,41,,,,,,,,
40,pm25,37,40,,,,,,,,
40,pm25,31,40,,,,,,,,
1,pm25,1,1,,,,,,,,
76,pm25,68,76,,,,,,,,
50,pm10,50,45,,,,,,,,
37,pm25,34,37,,,,,,,,
91,pm25,65,91,,,,,,,,
36,pm25,23,36,,,,,,,,
60,pm25,45,60,,,,,,,,
1,pm25,1,1,,,,,,,,
41,pm25,37,41,,,,,,,,
32,pm25,27,32,,,,,,,,
74,pm25,63,74,,,,,,,,
18,pm25,12,18,,,,,,,,
113,pm10,113,87,,,,,,,,
52,pm25,37,52,,,,,,,,
50,pm25,39,50,,,,,,,,
50,pm10,50,45,,,,,,,,
41,pm25,39,41,,,,,,,,
56,pm25,40,56,,,,,,,,
91,pm25,65,91,,,,,,,,
36,pm25,23,36,,,,,,,,
60,pm25,45,60,,,,,,,,
1,pm25,1,1,,,,,,,,
41,pm25,37,41,,,,,,,,
32,pm25,27,32,,,,,,,,
74,pm25,63,74,,,,,,,,
18,pm25,12,18,,,,,,,,
73,pm25,73,73,,,,,,,,
33,pm25,30,33,,,,,,,,
70,pm25,63,70,,,,,,,,
1,pm10,1,21,,,,,,,,
50,pm10,50,45,,,,,,,,
59,pm10,59,50,,,,,,,,
30,pm25,26,30,,,,,,,,
91,pm25,65,91,,,,,,,,
36,pm25,23,36,,,,,,,,
60,pm25,45,60,,,,,,,,
1,pm25,1,1,,,,,,,,
41,pm25,37,41,,,,,,,,
32,pm25,27,32,,,,,,,,
74,pm25,63,74,,,,,,,,
18,pm25,12,18,,,,,,,,
103,pm10,103,75,,,,,,,,
13,pm10,13,11,,,,,,,,
49,pm10,49,44,,,,,,,,
50,pm10,50,45,,,,,,,,
25,pm10,25,23,,,,,,,,
23,pm25,23,23,,,,,,,,
91,pm25,65,91,,,,,,,,
36,pm25,23,36,,,,,,,,
60,pm25,45,60,,,,,,,,
1,pm25,1,1,,,,,,,,
41,pm25,37,41,,,,,,,,
32,pm25,27,32,,,,,,,,
74,pm25,63,74,,,,,,,,
18,pm25,12,18,,,,,,,,
84,pm10,84,76,,,,,,,,
20,pm25,20,20,,,,,,,,
19,pm25,18,19,,,,,,,,
50,pm10,50,45,,,,,,,,
24,pm10,24,23,,,,,,,,
24,pm25,23,24,,,,,,,,
91,pm25,65,91,,,,,,,,
36,pm25,23,36,,,,,,,,
60,pm25,45,60,,,,,,,,
1,pm25,1,1,,,,,,,,
41,pm25,37,41,,,,,,,,
32,pm25,27,32,,,,,,,,
74,pm25,63,74,,,,,,,,
18,pm25,12,18,,,,,,,,
105,pm25,91,105,,,,,,,,
12,pm10,12,11,,,,,,,,
55,pm10,55,50,,,,,,,,
5,pm25,5,5,,,,,,,,
50,pm10,50,46,,,,,,,,
51,pm25,40,51,,,,,,,,
91,pm25,65,91,,,,,,,,
36,pm25,23,36,,,,,,,,
60,pm25,45,60,,,,,,,,
1,pm25,1,1,,,,,,,,
41,pm25,37,41,,,,,,,,
32,pm25,27,32,,,,,,,,
74,pm25,63,74,,,,,,,,
18,pm25,12,18,,,,,,,,
142,pm10,142,100,,,,,,,,
15,pm25,14,15,,,,,,,,
57,pm10,57,53,,,,,,,,
7,pm25,6,7,,,,,,,,
60,pm25,57,60,,,,,,,,
56,pm25,44,56,,,,,,,,
91,pm25,65,91,,,,,,,,
36,pm25,23,36,,,,,,,,
60,pm25,45,60,,,,,,,,
1,pm25,1,1,,,,,,,,
41,pm25,37,41,,,,,,,,
32,pm25,27,32,,,,,,,,
74,pm25,63,74,,,,,,,,
18,pm25,12,18,,,,,,,,
83,pm10,83,75,,,,,,,,
36,pm25,31,36,,,,,,,,
1,pm25,1,1,,,,,,,,
6,pm25,6,6,,,,,,,,
91,pm25,65,91,,,,,,,,
36,pm25,23,36,,,,,,,,
60,pm25,45,60,,,,,,,,
1,pm25,1,1,,,,,,,,
25,pm25,21,25,,,,,,,,
41,pm25,37,41,,,,,,,,
32,pm25,27,32,,,,,,,,
74,pm25,63,74,,,,,,,,
18,pm25,12,18,,,,,,,,
97,pm10,97,79,,,,,,,,
27,pm10,27,22,,,,,,,,
1,pm25,1,1,,,,,,,,
95,pm25,57,95,,,,,,,,
27,pm25,26,27,,,,,,,,
9,pm10,9,7,,,,,,,,
38,pm10,38,29,,,,,,,,
43,pm25,33,43,,,,,,,,
91,pm25,65,91,,,,,,,,
36,pm25,23,36,,,,,,,,
60,pm25,45,60,,,,,,,,
1,pm25,1,1,,,,,,,,
49,pm25,31,49,,,,,,,,
41,pm25,37,41,,,,,,,,
32,pm25,27,32,,,,,,,,
74,pm25,63,74,,,,,,,,
18,pm25,12,18,,,,,,,,
69,pm10,69,56,,,,,,,,
17,pm25,17,17,,,,,,,,
1,pm25,1,1,,,,,,,,
68,pm25,46,68,,,,,,,,
3,pm10,3,2,,,,,,,,
66,pm25,55,66,,,,,,,,
79,pm25,51,79,,,,,,,,
91,pm25,65,91,,,,,,,,
36,pm25,23,36,,,,,,,,
60,pm25,45,60,,,,,,,,
1,pm25,1,1,,,,,,,,
43,pm25,31,43,,,,,,,,
41,pm25,37,41,,,,,,,,
32,pm25,27,32,,,,,,,,
74,pm25,63,74,,,,,,,,
18,pm25,12,18,,,,,,,,
89,pm10,89,88,,,,,,,,
19,pm25,15,19,,,,,,,,
1,pm25,1,1,,,,,,,,
59,pm25,43,59,,,,,,,,
3,pm10,3,2,,,,,,,,
52,pm10,52,39,,,,,,,,
46,pm25,37,46,,,,,,,,
91,pm25,65,91,,,,,,,,
36,pm25,23,36,,,,,,,,
60,pm25,45,60,,,,,,,,
1,pm25,1,1,,,,,,,,
56,pm25,37,56,,,,,,,,
41,pm25,37,41,,,,,,,,
32,pm25,27,32,,,,,,,,
74,pm25,63,74,,,,,,,,
18,pm25,12,18,,,,,,,,
70,pm25,65,70,,,,,,,,
20,pm25,18,20,,,,,,,,
1,pm25,1,1,,,,,,,,
40,pm25,37,40,,,,,,,,
10,pm10,10,8,,,,,,,,
58,pm25,58,58,,,,,,,,
65,pm25,53,65,,,,,,,,
91,pm25,65,91,,,,,,,,
36,pm25,23,36,,,,,,,,
60,pm25,45,60,,,,,,,,
1,pm25,1,1,,,,,,,,
45,pm25,33,45,,,,,,,,
41,pm25,37,41,,,,,,,,
32,pm25,27,32,,,,,,,,
74,pm25,63,74,,,,,,,,
18,pm25,12,18,,,,,,,,
71,pm10,71,65,,,,,,,,
6,pm25,5,6,,,,,,,,
1,pm25,1,1,,,,,,,,
52,pm25,39,52,,,,,,,,
191,pm25,191,99.5,,,,,,,,
16,pm10,16,12,,,,,,,,
47,pm25,40,47,,,,,,,,
57,pm25,42,57,,,,,,,,
91,pm25,65,91,,,,,,,,
36,pm25,23,36,,,,,,,,
60,pm25,45,60,,,,,,,,
1,pm25,1,1,,,,,,,,
41,pm25,37,41,,,,,,,,
32,pm25,27,32,,,,,,,,
74,pm25,63,74,,,,,,,,
18,pm25,12,18,,,,,,,,
61,pm10,61,52,,,,,,,,
6,pm25,5,6,,,,,,,,
1,pm25,1,1,,,,,,,,
13,pm25,13,13,,,,,,,,
16,pm25,16,2.6,,,,,,,,
14,pm10,14,13,,,,,,,,
14,pm10,14,8,,,,,,,,
12,pm10,12,9,,,,,,,,
91,pm25,65,91,,,,,,,,
36,pm25,23,36,,,,,,,,
60,pm25,45,60,,,,,,,,
1,pm25,1,1,,,,,,,,
41,pm25,37,41,,,,,,,,
32,pm25,27,32,,,,,,,,
74,pm25,63,74,,,,,,,,
18,pm25,12,18,,,,,,,,
55,pm10,55,53,,,,,,,,
14,pm25,14,14,,,,,,,,
1,pm25,1,1,,,,,,,,
22,pm10,22,18,,,,,,,,
20,pm10,20,18,,,,,,,,
48,pm10,48,22,,,,,,,,
13,pm25,13,13,,,,,,,,
91,pm25,65,91,,,,,,,,
36,pm25,23,36,,,,,,,,
60,pm25,45,60,,,,,,,,
1,pm25,1,1,,,,,,,,
41,pm25,37,41,,,,,,,,
32,pm25,27,32,,,,,,,,
74,pm25,63,74,,,,,,,,
18,pm25,12,18,,,,,,,,
53,pm10,53,41,,,,,,,,
24,pm25,24,24,,,,,,,,
1,pm25,1,1,,,,,,,,
52,pm25,46,52,,,,,,,,
52,pm10,52,38,,,,,,,,
79,pm25,73,79,,,,,,,,
94,pm25,65,94,,,,,,,,
91,pm25,65,91,,,,,,,,
36,pm25,23,36,,,,,,,,
60,pm25,45,60,,,,,,,,
1,pm25,1,1,,,,,,,,
41,pm25,37,41,,,,,,,,
32,pm25,27,32,,,,,,,,
74,pm25,63,74,,,,,,,,
18,pm25,12,18,,,,,,,,
135,pm25,122,135,,,,,,,,
24,pm25,22,24,,,,,,,,
1,pm25,1,1,,,,,,,,
65,pm25,55,65,,,,,,,,
56,pm10,56,44,,,,,,,,
119,pm25,72,119,,,,,,,,
92,pm25,59,92,,,,,,,,
91,pm25,65,91,,,,,,,,
36,pm25,23,36,,,,,,,,
60,pm25,45,60,,,,,,,,
1,pm25,1,1,,,,,,,,
41,pm25,37,41,,,,,,,,
32,pm25,27,32,,,,,,,,
74,pm25,63,74,,,,,,,,
18,pm25,12,18,,,,,,,,
66,pm10,66,48,,,,,,,,
15,pm10,15,12,,,,,,,,
1,pm25,1,1,,,,,,,,
49,pm10,49,38,,,,,,,,
25,pm10,25,18,,,,,,,,
55,pm10,55,42,,,,,,,,
22,pm25,18,22,,,,,,,,
91,pm25,65,91,,,,,,,,
36,pm25,23,36,,,,,,,,
60,pm25,45,60,,,,,,,,
1,pm25,1,1,,,,,,,,
41,pm25,37,41,,,,,,,,
32,pm25,27,32,,,,,,,,
74,pm25,63,74,,,,,,,,
18,pm25,12,18,,,,,,,,
53,pm10,53,45,,,,,,,,
16,pm10,16,15,,,,,,,,
1,pm25,1,1,,,,,,,,
44,pm10,44,41,,,,,,,,
52,pm10,52,42,,,,,,,,
74,pm10,74,63,,,,,,,,
53,pm25,47,53,,,,,,,,
91,pm25,65,91,,,,,,,,
36,pm25,23,36,,,,,,,,
60,pm25,45,60,,,,,,,,
1,pm25,1,1,,,,,,,,
41,pm25,37,41,,,,,,,,
32,pm25,27,32,,,,,,,,
74,pm25,63,74,,,,,,,,
18,pm25,12,18,,,,,,,,
25,pm25,21,25,,,,,,,,
20,pm25,18,20,,,,,,,,
1,pm25,1,1,,,,,,,,
31,pm10,31,25,,,,,,,,
25,pm10,25,19,,,,,,,,
28,pm10,28,26,,,,,,,,
28,pm25,25,28,,,,,,,,
91,pm25,65,91,,,,,,,,
36,pm25,23,36,,,,,,,,
60,pm25,45,60,,,,,,,,
1,pm25,1,1,,,,,,,,
22,pm25,19,22,,,,,,,,
41,pm25,37,41,,,,,,,,
32,pm25,27,32,,,,,,,,
74,pm25,63,74,,,,,,,,
18,pm25,12,18,,,,,,,,
124,pm10,124,63,,,,,,,,
22,pm25,22,22,,,,,,,,
1,pm25,1,1,,,,,,,,
22,pm10,22,16,,,,,,,,
33,pm10,33,19,,,,,,,,
36,pm10,36,29,,,,,,,,
30,pm10,30,25,,,,,,,,
91,pm25,65,91,,,,,,,,
36,pm25,23,36,,,,,,,,
60,pm25,45,60,,,,,,,,
1,pm25,1,1,,,,,,,,
15,pm10,15,14,,,,,,,,
41,pm25,37,41,,,,,,,,
32,pm25,27,32,,,,,,,,
74,pm25,63,74,,,,,,,,
18,pm25,12,18,,,,,,,,
89,pm10,89,75,,,,,,,,
19,pm10,19,18,,,,,,,,
1,pm25,1,1,,,,,,,,
67,pm25,53,67,,,,,,,,
35,pm10,35,24,,,,,,,,
60,pm10,60,48,,,,,,,,
37,pm10,37,30,,,,,,,,
91,pm25,65,91,,,,,,,,
36,pm25,23,36,,,,,,,,
60,pm25,45,60,,,,,,,,
1,pm25,1,1,,,,,,,,
32,pm10,32,26,,,,,,,,
41,pm25,37,41,,,,,,,,
32,pm25,27,32,,,,,,,,
74,pm25,63,74,,,,,,,,
18,pm25,12,18,,,,,,,,
54,pm10,54,50,,,,,,,,
16,pm10,16,15,,,,,,,,
1,pm25,1,1,,,,,,,,
67,pm25,53,67,,,,,,,,
15,pm10,15,10,,,,,,,,
52,pm10,52,38,,,,,,,,
23,pm25,20,23,,,,,,,,
91,pm25,65,91,,,,,,,,
36,pm25,23,36,,,,,,,,
60,pm25,45,60,,,,,,,,
1,pm25,1,1,,,,,,,,
33,pm25,26,33,,,,,,,,
41,pm25,37,41,,,,,,,,
32,pm25,27,32,,,,,,,,
74,pm25,63,74,,,,,,,,
18,pm25,12,18,,,,,,,,
64,pm10,64,61,,,,,,,,
14,pm10,14,12,,,,,,,,
1,pm25,1,1,,,,,,,,
67,pm25,53,67,,,,,,,,
37,pm10,37,24,,,,,,,,
66,pm10,66,59,,,,,,,,
59,pm25,51,59,,,,,,,,
91,pm25,65,91,,,,,,,,
36,pm25,23,36,,,,,,,,
60,pm25,45,60,,,,,,,,
1,pm25,1,1,,,,,,,,
35,pm25,23,35,,,,,,,,
41,pm25,37,41,,,,,,,,
32,pm25,27,32,,,,,,,,
74,pm25,63,74,,,,,,,,
18,pm25,12,18,,,,,,,,
98,pm10,98,90,,,,,,,,
11,pm25,10,11,,,,,,,,
61,pm10,61,58,,,,,,,,
67,pm25,53,67,,,,,,,,
16,pm10,16,14,,,,,,,,
50,pm10,50,33,,,,,,,,
38,pm25,30,38,,,,,,,,
91,pm25,65,91,,,,,,,,
17,pm25,12,17,,,,,,,,
24,pm25,21,24,,,,,,,,
42,pm25,41,42,,,,,,,,
40,pm25,31,40,,,,,,,,
57,pm25,44,57,,,,,,,,
27,pm25,20,27,,,,,,,,
54,pm25,42,54,,,,,,,,
31,pm25,24,31,,,,,,,,
85,pm10,85,60,,,,,,,,
10,pm25,10,10,,,,,,,,
60,pm25,56,60,,,,,,,,
67,pm25,53,67,,,,,,,,
22,pm25,22,22,,,,,,,,
11,pm25,11,11,,,,,,,,
25,pm25,15,25,,,,,,,,
34,pm25,24,34,,,,,,,,
91,pm25,65,91,,,,,,,,
50,pm25,42,50,,,,,,,,
41,pm25,28,41,,,,,,,,
73,pm25,48,73,,,,,,,,
29,pm10,29,27,,,,,,,,
102,pm25,59,102,,,,,,,,
41,pm25,28,41,,,,,,,,
91,pm25,58,91,,,,,,,,
40,pm25,29,40,,,,,,,,
48,pm10,48,43,,,,,,,,
5,pm25,5,5,,,,,,,,
74,pm25,58,74,,,,,,,,
67,pm25,53,67,,,,,,,,
25,pm10,25,23,,,,,,,,
97,pm25,59,97,,,,,,,,
103,pm25,77,103,,,,,,,,
91,pm25,65,91,,,,,,,,
43,pm25,37,43,,,,,,,,
50,pm25,35,50,,,,,,,,
56,pm10,56,40,,,,,,,,
42,pm10,42,16,,,,,,,,
78,pm25,69,78,,,,,,,,
53,pm25,36,53,,,,,,,,
83,pm25,60,83,,,,,,,,
69,pm25,44,69,,,,,,,,
90,pm25,76,90,,,,,,,,
8,pm25,8,8,,,,,,,,
37,pm10,37,32,,,,,,,,
67,pm25,53,67,,,,,,,,
31,pm10,31,26,,,,,,,,
68,pm25,49,68,,,,,,,,
38,pm25,29,38,,,,,,,,
91,pm25,65,91,,,,,,,,
18,pm25,10,18,,,,,,,,
12,pm25,9,12,,,,,,,,
46,pm25,34,46,,,,,,,,
20,pm10,20,18,,,,,,,,
43,pm25,36,43,,,,,,,,
12,pm25,9,12,,,,,,,,
47,pm25,36,47,,,,,,,,
18,pm25,12,18,,,,,,,,
58,pm10,58,41,,,,,,,,
6,pm25,5,6,,,,,,,,
65,pm25,56,65,,,,,,,,
67,pm25,53,67,,,,,,,,
188,pm25,158,188,,,,,,,,
23,pm10,23,18,,,,,,,,
60,pm25,58,60,,,,,,,,
42,pm25,36,42,,,,,,,,
91,pm25,65,91,,,,,,,,
51,pm25,37,51,,,,,,,,
60,pm25,46,60,,,,,,,,
55,pm25,48,55,,,,,,,,
24,pm25,22,24,,,,,,,,
60,pm10,60,59,,,,,,,,
63,pm25,43,63,,,,,,,,
68,pm25,58,68,,,,,,,,
65,pm25,46,65,,,,,,,,
134,pm25,108,134,,,,,,,,
15,pm25,11,15,,,,,,,,
50,pm10,50,40,,,,,,,,
67,pm25,53,67,,,,,,,,
8,pm25,8,8,,,,,,,,
33,pm25,33,33,,,,,,,,
53,pm25,45,53,,,,,,,,
70,pm25,57,70,,,,,,,,
91,pm25,65,91,,,,,,,,
47,pm25,34,47,,,,,,,,
28,pm25,21,28,,,,,,,,
45,pm25,35,45,,,,,,,,
27,pm25,26,27,,,,,,,,
60,pm10,60,52,,,,,,,,
47,pm25,30,47,,,,,,,,
57,pm25,53,57,,,,,,,,
43,pm25,29,43,,,,,,,,
62,pm10,62,52,,,,,,,,
15,pm25,12,15,,,,,,,,
68,pm25,55,68,,,,,,,,
67,pm25,53,67,,,,,,,,
40,pm10,40,35,,,,,,,,
131,pm25,75,131,,,,,,,,
109,pm25,77,109,,,,,,,,
91,pm25,65,91,,,,,,,,
65,pm25,54,65,,,,,,,,
47,pm25,34,47,,,,,,,,
84,pm25,55,84,,,,,,,,
47,pm10,47,30,,,,,,,,
91,pm25,64,91,,,,,,,,
78,pm25,51,78,,,,,,,,
93,pm25,52,93,,,,,,,,
66,pm25,45,66,,,,,,,,
8,pm25,3,8,,,,,,,,
16,pm25,13,16,,,,,,,,
79,pm25,70,79,,,,,,,,
67,pm25,53,67,,,,,,,,
25,pm25,24,25,,,,,,,,
73,pm25,54,73,,,,,,,,
125,pm25,100,125,,,,,,,,
91,pm25,65,91,,,,,,,,
84,pm25,57,84,,,,,,,,
84,pm25,56,84,,,,,,,,
117,pm25,75,117,,,,,,,,
37,pm25,31,37,,,,,,,,
128,pm25,82,128,,,,,,,,
104,pm25,60,104,,,,,,,,
121,pm25,83,121,,,,,,,,
105,pm25,61,105,,,,,,,,
76,pm10,76,69,,,,,,,,
16,pm25,13,16,,,,,,,,
30,pm25,27,30,,,,,,,,
67,pm25,53,67,,,,,,,,
9,pm25,8,9,,,,,,,,
29,pm25,24,29,,,,,,,,
30,pm25,27,30,,,,,,,,
91,pm25,65,91,,,,,,,,
18,pm25,12,18,,,,,,,,
13,pm25,10,13,,,,,,,,
24,pm25,21,24,,,,,,,,
27,pm25,27,27,,,,,,,,
41,pm10,41,38,,,,,,,,
23,pm25,15,23,,,,,,,,
37,pm10,37,33,,,,,,,,
19,pm25,13,19,,,,,,,,
76,pm10,76,69,,,,,,,,
16,pm25,12,16,,,,,,,,
26,pm10,26,18,,,,,,,,
67,pm25,53,67,,,,,,,,
14,pm10,14,13,,,,,,,,
34,pm10,34,32,,,,,,,,
53,pm25,37,53,,,,,,,,
91,pm25,65,91,,,,,,,,
28,pm25,23,28,,,,,,,,
29,pm25,21,29,,,,,,,,
31,pm25,22,31,,,,,,,,
32,pm25,29,32,,,,,,,,
52,pm10,52,50,,,,,,,,
1,pm25,1,1,,,,,,,,
56,pm25,32,56,,,,,,,,
42,pm25,27,42,,,,,,,,
76,pm10,76,69,,,,,,,,
5,pm25,5,5,,,,,,,,
29,pm25,21,29,,,,,,,,
67,pm25,53,67,,,,,,,,
11,pm10,11,10,,,,,,,,
25,pm10,25,22,,,,,,,,
36,pm25,31,36,,,,,,,,
91,pm25,65,91,,,,,,,,
38,pm25,25,38,,,,,,,,
30,pm25,21,30,,,,,,,,
20,pm25,11,20,,,,,,,,
37,pm25,29,37,,,,,,,,
82,pm10,82,71,,,,,,,,
1,pm25,1,1,,,,,,,,
75,pm25,45,75,,,,,,,,
42,pm25,27,42,,,,,,,,
76,pm10,76,69,,,,,,,,
9,pm10,9,8,,,,,,,,
51,pm10,51,49,,,,,,,,
67,pm25,53,67,,,,,,,,
14,pm25,14,14,,,,,,,,
54,pm10,54,47,,,,,,,,
27,pm25,26,27,,,,,,,,
91,pm25,65,91,,,,,,,,
16,pm25,11,16,,,,,,,,
24,pm25,20,24,,,,,,,,
58,pm25,46,58,,,,,,,,
15,pm25,14,15,,,,,,,,
40,pm25,35,40,,,,,,,,
1,pm25,1,1,,,,,,,,
45,pm10,45,44,,,,,,,,
38,pm25,27,38,,,,,,,,
89,pm10,89,85,,,,,,,,
11,pm25,11,11,,,,,,,,
69,pm25,1,69,,,,,,,,
67,pm25,53,67,,,,,,,,
12,pm10,12,11,,,,,,,,
58,pm10,58,41,,,,,,,,
27,pm25,26,27,,,,,,,,
91,pm25,65,91,,,,,,,,
56,pm25,51,56,,,,,,,,
25,pm25,21,25,,,,,,,,
39,pm25,36,39,,,,,,,,
27,pm25,18,27,,,,,,,,
70,pm25,69,70,,,,,,,,
51,pm25,33,51,,,,,,,,
80,pm25,61,80,,,,,,,,
41,pm25,29,41,,,,,,,,
91,pm10,91,59,,,,,,,,
19,pm25,14,19,,,,,,,,
69,pm25,1,69,,,,,,,,
67,pm25,53,67,,,,,,,,
12,pm10,12,11,,,,,,,,
22,pm10,22,16,,,,,,,,
91,pm25,65,91,,,,,,,,
16,pm25,10,16,,,,,,,,
15,pm25,12,15,,,,,,,,
23,pm25,19,23,,,,,,,,
23,pm25,16,23,,,,,,,,
52,pm25,37,52,,,,,,,,
27,pm25,18,27,,,,,,,,
60,pm10,60,46,,,,,,,,
19,pm25,13,19,,,,,,,,
70,pm10,70,46,,,,,,,,
32,pm25,24,32,,,,,,,,
69,pm25,1,69,,,,,,,,
67,pm25,53,67,,,,,,,,
16,pm10,16,12,,,,,,,,
27,pm10,27,25,,,,,,,,
91,pm25,65,91,,,,,,,,
11,pm25,8,11,,,,,,,,
10,pm25,9,10,,,,,,,,
27,pm25,19,27,,,,,,,,
26,pm25,16,26,,,,,,,,
39,pm10,39,38,,,,,,,,
10,pm25,8,10,,,,,,,,
37,pm25,33,37,,,,,,,,
11,pm25,9,11,,,,,,,,
70,pm10,70,41,,,,,,,,
14,pm25,12,14,,,,,,,,
69,pm25,1,69,,,,,,,,
67,pm25,53,67,,,,,,,,
13,pm10,13,12,,,,,,,,
29,pm25,27,29,,,,,,,,
91,pm25,65,91,,,,,,,,
19,pm25,13,19,,,,,,,,
10,pm25,9,10,,,,,,,,
29,pm10,29,20,,,,,,,,
30,pm25,19,30,,,,,,,,
40,pm25,36,40,,,,,,,,
10,pm25,8,10,,,,,,,,
52,pm10,52,32,,,,,,,,
13,pm25,11,13,,,,,,,,
88,pm10,88,45,,,,,,,,
17,pm25,13,17,,,,,,,,
69,pm25,1,69,,,,,,,,
67,pm25,53,67,,,,,,,,
15,pm10,15,13,,,,,,,,
40,pm10,40,31,,,,,,,,
91,pm25,65,91,,,,,,,,
42,pm25,31,42,,,,,,,,
26,pm25,20,26,,,,,,,,
50,pm25,45,50,,,,,,,,
32,pm25,20,32,,,,,,,,
58,pm25,58,58,,,,,,,,
40,pm25,27,40,,,,,,,,
62,pm25,50,62,,,,,,,,
35,pm25,25,35,,,,,,,,
103,pm10,103,64,,,,,,,,
10,pm10,10,8,,,,,,,,
69,pm25,1,69,,,,,,,,
67,pm25,53,67,,,,,,,,
1,pm10,1,2,,,,,,,,
15,pm25,14,15,,,,,,,,
53,pm10,53,48,,,,,,,,
91,pm25,65,91,,,,,,,,
21,pm25,14,21,,,,,,,,
22,pm25,19,22,,,,,,,,
50,pm25,44,50,,,,,,,,
29,pm25,20,29,,,,,,,,
52,pm10,52,45,,,,,,,,
38,pm25,27,38,,,,,,,,
59,pm25,58,59,,,,,,,,
33,pm25,25,33,,,,,,,,
103,pm10,103,64,,,,,,,,
10,pm25,8,10,,,,,,,,
69,pm25,1,69,,,,,,,,
67,pm25,53,67,,,,,,,,
1,pm10,1,23,,,,,,,,
8,pm10,8,7,,,,,,,,
19,pm25,18,19,,,,,,,,
91,pm25,65,91,,,,,,,,
19,pm25,14,19,,,,,,,,
16,pm25,13,16,,,,,,,,
35,pm25,29,35,,,,,,,,
25,pm25,16,25,,,,,,,,
41,pm10,41,40,,,,,,,,
22,pm25,17,22,,,,,,,,
43,pm25,36,43,,,,,,,,
24,pm25,17,24,,,,,,,,
103,pm10,103,64,,,,,,,,
14,pm25,13,14,,,,,,,,
69,pm25,1,69,,,,,,,,
67,pm25,53,67,,,,,,,,
1,pm10,1,23,,,,,,,,
16,pm10,16,13,,,,,,,,
38,pm25,32,38,,,,,,,,
91,pm25,65,91,,,,,,,,
19,pm25,14,19,,,,,,,,
16,pm25,13,16,,,,,,,,
35,pm25,29,35,,,,,,,,
32,pm25,18,32,,,,,,,,
41,pm10,41,40,,,,,,,,
22,pm25,17,22,,,,,,,,
43,pm25,36,43,,,,,,,,
24,pm25,17,24,,,,,,,,
103,pm10,103,64,,,,,,,,
9,pm25,8,9,,,,,,,,
69,pm25,1,69,,,,,,,,
67,pm25,53,67,,,,,,,,
1,pm10,1,18,,,,,,,,
13,pm10,13,11,,,,,,,,
21,pm25,17,21,,,,,,,,
91,pm25,65,91,,,,,,,,
19,pm25,14,19,,,,,,,,
16,pm25,13,16,,,,,,,,
35,pm25,29,35,,,,,,,,
18,pm25,11,18,,,,,,,,
41,pm10,41,40,,,,,,,,
22,pm25,17,22,,,,,,,,
43,pm25,36,43,,,,,,,,
24,pm25,17,24,,,,,,,,
103,pm10,103,64,,,,,,,,
26,pm25,18,26,,,,,,,,
69,pm25,1,69,,,,,,,,
67,pm25,53,67,,,,,,,,
25,pm10,25,21,,,,,,,,
79,pm25,53,79,,,,,,,,
91,pm25,65,91,,,,,,,,
30,pm25,20,30,,,,,,,,
24,pm25,18,24,,,,,,,,
32,pm25,29,32,,,,,,,,
29,pm25,20,29,,,,,,,,
53,pm10,53,40,,,,,,,,
34,pm25,21,34,,,,,,,,
60,pm10,60,53,,,,,,,,
35,pm25,23,35,,,,,,,,
103,pm10,103,64,,,,,,,,
18,pm25,16,18,,,,,,,,
69,pm25,1,69,,,,,,,,
67,pm25,53,67,,,,,,,,
2,pm25,1,2,,,,,,,,
18,pm10,18,15,,,,,,,,
80,pm25,52,80,,,,,,,,
91,pm25,65,91,,,,,,,,
59,pm25,47,59,,,,,,,,
33,pm25,26,33,,,,,,,,
37,pm10,37,35,,,,,,,,
35,pm25,24,35,,,,,,,,
83,pm25,63,83,,,,,,,,
49,pm25,33,49,,,,,,,,
92,pm25,67,92,,,,,,,,
58,pm25,41,58,,,,,,,,
103,pm10,103,64,,,,,,,,
4,pm25,4,4,,,,,,,,
69,pm25,1,69,,,,,,,,
67,pm25,53,67,,,,,,,,
9,pm25,9,9,,,,,,,,
35,pm25,34,35,,,,,,,,
91,pm25,65,91,,,,,,,,
23,pm25,13,23,,,,,,,,
22,pm25,16,22,,,,,,,,
42,pm25,23,42,,,,,,,,
16,pm25,14,16,,,,,,,,
63,pm25,51,63,,,,,,,,
22,pm25,15,22,,,,,,,,
62,pm25,53,62,,,,,,,,
30,pm25,20,30,,,,,,,,
103,pm10,103,64,,,,,,,,
9,pm10,9,8,,,,,,,,
69,pm25,1,69,,,,,,,,
67,pm25,53,67,,,,,,,,
22,pm10,22,17,,,,,,,,
110,pm25,63,110,,,,,,,,
91,pm25,65,91,,,,,,,,
40,pm25,29,40,,,,,,,,
28,pm25,22,28,,,,,,,,
48,pm25,34,48,,,,,,,,
18,pm25,11,18,,,,,,,,
51,pm10,51,45,,,,,,,,
49,pm25,31,49,,,,,,,,
64,pm10,64,63,,,,,,,,
37,pm25,28,37,,,,,,,,
103,pm10,103,64,,,,,,,,
14,pm10,14,13,,,,,,,,
69,pm25,1,69,,,,,,,,
67,pm25,53,67,,,,,,,,
12,pm10,12,10,,,,,,,,
45,pm25,37,45,,,,,,,,
91,pm25,65,91,,,,,,,,
42,pm25,27,42,,,,,,,,
39,pm25,28,39,,,,,,,,
44,pm25,43,44,,,,,,,,
21,pm25,14,21,,,,,,,,
64,pm25,62,64,,,,,,,,
65,pm25,42,65,,,,,,,,
63,pm25,52,63,,,,,,,,
46,pm25,31,46,,,,,,,,
103,pm10,103,64,,,,,,,,
6,pm10,6,4,,,,,,,,
69,pm25,1,69,,,,,,,,
67,pm25,53,67,,,,,,,,
184,pm25,152,184,,,,,,,,
10,pm10,10,8,,,,,,,,
38,pm25,32,38,,,,,,,,
91,pm25,65,91,,,,,,,,
22,pm25,16,22,,,,,,,,
16,pm25,13,16,,,,,,,,
55,pm25,37,55,,,,,,,,
23,pm25,15,23,,,,,,,,
57,pm25,41,57,,,,,,,,
1,pm25,1,1,,,,,,,,
60,pm25,54,60,,,,,,,,
23,pm25,16,23,,,,,,,,
103,pm10,103,64,,,,,,,,
16,pm25,13,16,,,,,,,,
69,pm25,1,69,,,,,,,,
67,pm25,53,67,,,,,,,,
17,pm10,17,13,,,,,,,,
23,pm10,23,18,,,,,,,,
91,pm25,65,91,,,,,,,,
28,pm25,22,28,,,,,,,,
25,pm25,19,25,,,,,,,,
38,pm25,25,38,,,,,,,,
33,pm25,24,33,,,,,,,,
51,pm25,45,51,,,,,,,,
50,pm25,31,50,,,,,,,,
53,pm10,53,52,,,,,,,,
27,pm25,19,27,,,,,,,,
109,pm10,109,52,,,,,,,,
10,pm25,9,10,,,,,,,,
69,pm25,1,69,,,,,,,,
67,pm25,53,67,,,,,,,,
17,pm10,17,13,,,,,,,,
38,pm25,37,38,,,,,,,,
91,pm25,65,91,,,,,,,,
69,pm25,51,69,,,,,,,,
86,pm25,56,86,,,,,,,,
107,pm25,59,107,,,,,,,,
18,pm25,12,18,,,,,,,,
119,pm25,84,119,,,,,,,,
66,pm10,66,28,,,,,,,,
100,pm25,70,100,,,,,,,,
105,pm25,58,105,,,,,,,,
127,pm10,127,86,,,,,,,,
7,pm25,6,7,,,,,,,,
69,pm25,1,69,,,,,,,,
67,pm25,53,67,,,,,,,,
21,pm10,21,14,,,,,,,,
35,pm25,30,35,,,,,,,,
91,pm25,65,91,,,,,,,,
30,pm25,21,30,,,,,,,,
19,pm25,13,19,,,,,,,,
44,pm25,36,44,,,,,,,,
10,pm25,6,10,,,,,,,,
89,pm25,53,89,,,,,,,,
22,pm25,15,22,,,,,,,,
91,pm25,71,91,,,,,,,,
29,pm25,19,29,,,,,,,,
113,pm10,113,57,,,,,,,,
14,pm25,12,14,,,,,,,,
67,pm25,53,67,,,,,,,,
63,pm25,52,63,,,,,,,,
91,pm25,65,91,,,,,,,,
65,pm25,47,65,,,,,,,,
78,pm25,52,78,,,,,,,,
89,pm25,63,89,,,,,,,,
44,pm25,32,44,,,,,,,,
114,pm25,65,114,,,,,,,,
60,pm25,40,60,,,,,,,,
101,pm25,75,101,,,,,,,,
108,pm25,60,108,,,,,,,,
86,pm10,86,83,,,,,,,,
7,pm25,5,7,,,,,,,,
67,pm25,53,67,,,,,,,,
88,pm25,58,88,,,,,,,,
91,pm25,65,91,,,,,,,,
111,pm25,65,111,,,,,,,,
94,pm25,57,94,,,,,,,,
140,pm25,81,140,,,,,,,,
37,pm25,20,37,,,,,,,,
146,pm25,90,146,,,,,,,,
133,pm25,69,133,,,,,,,,
152,pm25,101,152,,,,,,,,
132,pm25,69,132,,,,,,,,
139,pm25,101,139,,,,,,,,
18,pm10,18,17,,,,,,,,
67,pm25,53,67,,,,,,,,
91,pm25,65,91,,,,,,,,
13,pm25,8,13,,,,,,,,
11,pm25,8,11,,,,,,,,
21,pm25,9,21,,,,,,,,
62,pm25,40,62,,,,,,,,
45,pm10,45,41,,,,,,,,
54,pm25,32,54,,,,,,,,
38,pm10,38,37,,,,,,,,
17,pm25,17,17,,,,,,,,
22,pm25,15,22,,,,,,,,
67,pm25,53,67,,,,,,,,
2,pm10,2,12,,,,,,,,
26,pm10,26,15,,,,,,,,
91,pm25,65,91,,,,,,,,
16,pm25,15,16,,,,,,,,
33,pm25,23,33,,,,,,,,
36,pm25,28,36,,,,,,,,
50,pm25,36,50,,,,,,,,
61,pm25,55,61,,,,,,,,
53,pm10,53,42,,,,,,,,
20,pm10,20,18,,,,,,,,
4,pm10,4,3,,,,,,,,
67,pm25,53,67,,,,,,,,
32,pm25,22,32,,,,,,,,
91,pm25,65,91,,,,,,,,
40,pm25,23,40,,,,,,,,
35,pm10,35,19,,,,,,,,
18,pm25,12,18,,,,,,,,
2,pm25,1,2,,,,,,,,
39,pm10,39,54,,,,,,,,
31,pm25,17,31,,,,,,,,
56,pm25,45,56,,,,,,,,
42,pm25,27,42,,,,,,,,
113,pm10,113,70,,,,,,,,
25,pm25,21,25,,,,,,,,
67,pm25,53,67,,,,,,,,
24,pm25,17,24,,,,,,,,
91,pm25,65,91,,,,,,,,
75,pm25,42,75,,,,,,,,
155,pm25,87,155,,,,,,,,
107,pm25,83,107,,,,,,,,
45,pm25,33,45,,,,,,,,
107,pm25,78,107,,,,,,,,
70,pm25,47,70,,,,,,,,
114,pm25,85,114,,,,,,,,
80,pm25,55,80,,,,,,,,
138,pm10,138,76,,,,,,,,
8,pm25,7,8,,,,,,,,
67,pm25,53,67,,,,,,,,
24,pm25,17,24,,,,,,,,
91,pm25,65,91,,,,,,,,
79,pm25,49,79,,,,,,,,
70,pm25,49,70,,,,,,,,
116,pm25,69,116,,,,,,,,
24,pm25,15,24,,,,,,,,
124,pm25,78,124,,,,,,,,
55,pm25,49,55,,,,,,,,
122,pm25,79,122,,,,,,,,
82,pm25,53,82,,,,,,,,
142,pm10,142,104,,,,,,,,
8,pm25,7,8,,,,,,,,
67,pm25,53,67,,,,,,,,
24,pm25,17,24,,,,,,,,
91,pm25,65,91,,,,,,,,
18,pm25,10,18,,,,,,,,
43,pm25,26,43,,,,,,,,
26,pm25,19,26,,,,,,,,
21,pm25,12,21,,,,,,,,
28,pm25,28,28,,,,,,,,
24,pm25,19,24,,,,,,,,
44,pm10,44,40,,,,,,,,
24,pm25,19,24,,,,,,,,
23,pm25,17,23,,,,,,,,
17,pm25,13,17,,,,,,,,
67,pm25,53,67,,,,,,,,
46,pm25,44,46,,,,,,,,
24,pm25,17,24,,,,,,,,
91,pm25,65,91,,,,,,,,
62,pm25,34,62,,,,,,,,
121,pm25,76,121,,,,,,,,
65,pm25,56,65,,,,,,,,
38,pm25,26,38,,,,,,,,
103,pm25,72,103,,,,,,,,
72,pm25,42,72,,,,,,,,
109,pm25,83,109,,,,,,,,
72,pm25,52,72,,,,,,,,
54,pm10,54,21,,,,,,,,
27,pm25,21,27,,,,,,,,
67,pm25,53,67,,,,,,,,
21,pm10,21,19,,,,,,,,
91,pm25,65,91,,,,,,,,
41,pm25,24,41,,,,,,,,
54,pm25,40,54,,,,,,,,
48,pm10,48,43,,,,,,,,
45,pm25,32,45,,,,,,,,
86,pm25,65,86,,,,,,,,
42,pm25,33,42,,,,,,,,
86,pm25,73,86,,,,,,,,
35,pm25,29,35,,,,,,,,
54,pm10,54,21,,,,,,,,
6,pm25,6,6,,,,,,,,
67,pm25,53,67,,,,,,,,
35,pm10,35,18,,,,,,,,
91,pm25,65,91,,,,,,,,
4,pm25,3,4,,,,,,,,
40,pm25,33,40,,,,,,,,
74,pm25,52,74,,,,,,,,
11,pm25,7,11,,,,,,,,
55,pm10,55,46,,,,,,,,
27,pm25,19,27,,,,,,,,
57,pm10,57,52,,,,,,,,
25,pm10,25,32,,,,,,,,
92,pm10,92,50,,,,,,,,
5,pm25,4,5,,,,,,,,
67,pm25,53,67,,,,,,,,
46,pm25,46,46,,,,,,,,
91,pm25,65,91,,,,,,,,
95,pm25,51,95,,,,,,,,
167,pm25,94,167,,,,,,,,
146,pm25,102,146,,,,,,,,
11,pm25,7,11,,,,,,,,
178,pm25,140,178,,,,,,,,
69,pm25,43,69,,,,,,,,
162,pm25,119,162,,,,,,,,
186,pm25,105,186,,,,,,,,
101,pm25,64,101,,,,,,,,
27,pm25,18,27,,,,,,,,
67,pm25,53,67,,,,,,,,
3,pm25,2,3,,,,,,,,
44,pm25,39,44,,,,,,,,
91,pm25,65,91,,,,,,,,
149,pm25,66,149,,,,,,,,
162,pm25,86,162,,,,,,,,
165,pm25,104,165,,,,,,,,
11,pm25,7,11,,,,,,,,
195,pm25,154,195,,,,,,,,
159,pm25,75,159,,,,,,,,
189,pm25,145,189,,,,,,,,
171,pm25,93,171,,,,,,,,
39,pm25,31,39,,,,,,,,
14,pm25,11,14,,,,,,,,
67,pm25,53,67,,,,,,,,
14,pm25,8,14,,,,,,,,
58,pm10,58,48,,,,,,,,
91,pm25,65,91,,,,,,,,
124,pm25,77,124,,,,,,,,
27,pm25,18,27,,,,,,,,
150,pm25,102,150,,,,,,,,
98,pm25,53,98,,,,,,,,
135,pm25,97,135,,,,,,,,
133,pm25,70,133,,,,,,,,
87,pm25,79,87,,,,,,,,
4,pm25,4,4,,,,,,,,
67,pm25,53,67,,,,,,,,
10,pm25,5,10,,,,,,,,
67,pm10,67,66,,,,,,,,
91,pm25,65,91,,,,,,,,
143,pm25,72,143,,,,,,,,
107,pm10,107,89,,,,,,,,
148,pm25,77,148,,,,,,,,
59,pm25,33,59,,,,,,,,
168,pm25,126,168,,,,,,,,
162,pm25,108,162,,,,,,,,
149,pm25,76,149,,,,,,,,
114,pm10,114,77,,,,,,,,
